author_sort,authors,isbn,id,identifiers,pubdate,publisher,tags,title,uuid
"Foroux, Darius","Darius Foroux","9789083301815","108","amazon:B0BNP6W7KH,google:Ga2NzwEACAAJ,goodreads:68040872,isbn:9789083301815","2022-12-01T13:30:00+05:30","North Eagle Publishing","Self Help, Philosophy, Psychology, Inspirational","Focus on What Matters: A Collection of Stoic Letters on Living Well","45ddc003-346a-4d4d-a9cb-577a87596e0d"
"Pirie, Madsen","Madsen Pirie","","111","goodreads:13337661,asin:B005CHB726,amazon:B005CHB726,guid:58ab6e91058b629d0d1c55f35e6fc548,oasin:0826498949","2006-03-30T13:30:00+05:30","","Philosophy, Psychology, Self Help, Politics, Science","How to Win Every Argument: The Use and Abuse of Logic","d21458c0-152e-4c8d-9049-c228edb9edee"
"Hill, Chase","Chase Hill","","112","asin:B096Y7THL4,amazon:B096Y7THL4,goodreads:58389697","2021-06-21T12:30:00+05:30","","Self Help","Healthy Boundaries: How to Set Strong Boundaries, Say No Without Guilt, and Maintain Good Relationships With Your Parents, Family, and Friends","caaed1c3-2d7b-466f-971d-ff2de07fb3a8"
"Leary, Robert","Robert Leary","","113","amazon:B07Q62L4F7,mobi-asin:B07Q62L4F7,goodreads:44773686","2019-04-01T12:30:00+05:30","","Psychology, Self Help","Overthinking: How to Declutter and Unfu*k Your Mind, Build Mental Toughness, Discover Fast Success Habits, Thinking & Meditation, Mindfulness for Creativity, Slow Down the Brain and Be Yourself","8eeca62f-080b-4a72-b0c5-06086dd042ac"
"Datta, Durjoy","Durjoy Datta","9789357082181","114","isbn:9789357082181,amazon:B0CD818TD3,mobi-asin:B0CD818TD3,goodreads:195449044","2023-09-08T12:30:00+05:30","Penguin Metro Reads","Romance","World's Best Girlfriend","c2a35904-0277-424f-b558-5bfe80375624"
"Painter, Lynn","Lynn Painter","9781665921237","116","amazon:1665921234,isbn:9781665921237,google:SROsEAAAQBAJ,goodreads:60197314","2023-11-28T13:30:00+05:30","Simon & Schuster Books for Young Readers","Contemporary, Romance, Young Adult","Betting on You","54b13a0b-eb7b-4868-8a40-b70d5ecc25be"
"Bhagat, Chetan","Chetan Bhagat","","117","amazon:B013VO02LS,mobi-asin:B013VO02LS,goodreads:26167752","2014-09-30T12:30:00+05:30","Amazon Publishing","Romance, Contemporary, Young Adult","Half Girlfriend","d61bcd13-38fd-4513-8e8e-4e03a271710c"
"Murphy, Monica","Monica Murphy","","118","amazon:B08YQWMH7Q,goodreads:198966989","2021-07-29T12:30:00+05:30","EM Publishing","Romance, Contemporary, Young Adult","Things I Wanted to Say","f228ca6f-4eba-4455-b888-e6a80e3f9484"
"GREEN, JOHN","JOHN GREEN","","119","goodreads:136487172,amazon:B01MYPBJK7","2012-01-10T13:30:00+05:30","Qanita","Young Adult, Contemporary","The Fault in Our Stars by John Green","9b342a92-7c56-4390-935e-c1f115e25501"
"Hazelwood, Ali","Ali Hazelwood","9780593619919","120","goodreads:60683957,isbn:9780593619919,amazon:0593619919","2023-11-07T13:30:00+05:30","G.P. Putnam's Sons Books for Young Readers","Contemporary, Young Adult","Check & Mate","0a5b8307-c729-4e61-a444-2a0697a479e5"
"Bhagat, Chetan","Chetan Bhagat","9781542040464","121","amazon:1542040469,goodreads:41639186,isbn:9781542040464","2018-10-01T12:30:00+05:30","Westland","Mystery, Thriller, Romance, Crime, Suspense","The Girl in Room 105","bd61ceaa-0b32-4885-90c6-12f8090bed5f"
"Brown, Dan","Dan Brown","9781429902304","122","isbn:9781429902304,google:_FKPcZcTKNMC,mobi-asin:B003JH8LPW,goodreads:7856894,amazon:1429902302","1998-02-01T00:00:00+05:30","Thomas Dunne Books","Thriller, Mystery, Suspense, Crime, Science Fiction","Digital Fortress","d9fdec9e-7148-4ad4-b6e8-d195e2bc1c3e"
"Mafi, Tahereh","Tahereh Mafi","9780062085597","123","goodreads:18052853,isbn:9780062085597","2014-02-04T04:30:00+05:30","HarperCollins","Fantasy, Young Adult, Romance, Science Fiction, Paranormal","Ignite Me","7487671b-f187-4542-8915-521f3a8b4ae8"
"Kovach, Carla","Carla Kovach","9781786818829","124","amazon:B07WZMKTB6,mobi-asin:B07WZMKTB6,isbn:9781786818829,goodreads:52699073","2019-11-19T13:30:00+05:30","Bookouture","Thriller, Crime, Mystery, Suspense","Her Dark Heart","5be492bb-6c54-4359-a005-87ae4d1ac701"
"Mukherjee, Siddhartha","Siddhartha Mukherjee","9781982117351","125","goodreads:60321392,amazon:1982117354,isbn:9781982117351","2022-10-25T12:30:00+05:30","Scribner","Science, History, Health","The Song of the Cell: An Exploration of Medicine and the New Human","e21f6538-644b-4638-ab76-0f048dc8477e"
"Ramakrishnan, Venki","Venki Ramakrishnan","9780063113275","126","amazon:0063113279,isbn:9780063113275,goodreads:179311316","2024-03-19T12:30:00+05:30","William Morrow","Science, Health, History","Why We Die: The New Science of Aging and the Quest for Immortality","24d45278-9167-48cd-b8bc-969437defd8f"
"Manson, Mark","Mark Manson","9780062888464","127","isbn:9780062888464,goodreads:40604828,odid:4128468@sanjose.overdrive.com,amazon:0062888463","2019-03-05T13:30:00+05:30","Harper","Self Help, Psychology, Philosophy, Humour, Sociology","Everything Is F*cked: A Book About Hope","d9c44b4b-6210-46e6-a5d3-8b1689b9e7ef"
"Black, Holly","Holly Black","","128","amazon:B071XQ6H38,mobi-asin:B071XQ6H38,goodreads:34913691","2018-01-02T00:00:00+05:30","Hot Key Books","Fantasy, Young Adult, Romance, Paranormal","The Cruel Prince","e1d694e8-85ba-43e4-a23d-142ce6aca3a5"
"Means, Casey","Casey Means","9780593712641","129","isbn:9780593712641,amazon:0593712641,goodreads:196848596","2024-05-14T00:00:00+05:30","Avery","Health, Self Help, Science","Good Energy: The Surprising Connection Between Metabolism and Limitless Health","659154df-42a9-4b92-8df2-4c87f196ca37"
"Sharma, Robin S.","Robin S. Sharma","9780593798492","130","amazon:059379849X,goodreads:201102296,isbn:9780593798492","2024-04-09T12:30:00+05:30","Crown Currency","Self Help, Philosophy, Psychology, Inspirational","The Wealth Money Can't Buy: The 8 Hidden Habits to Live Your Richest Life","478045a9-70c5-46ec-a683-e022f2a3e986"
"Hawking, Stephen","Stephen Hawking","9781409092360","131","kobo:a-brief-history-of-time-1,goodreads:11193265,isbn:9781409092360,google:oZhagX6UWOMC","1988-09-01T12:30:00+05:30","Bantam","Classics, History, Philosophy, Science","A Brief History of Time","b3886c8d-2b47-4887-b983-f5e7574e802d"
"Doyle, Arthur Conan","Arthur Conan Doyle","9788027219391","132","isbn:9788027219391,goodreads:53518357,amazon:B076B24PZF","1929-01-01T13:30:00+05:30","Musaicum Books","Mystery, Classics","The Complete Sherlock Holmes","f5916349-fe00-4861-a15e-7ed6128a84d5"
"Harrison, A. S. A.","A. S. A. Harrison","","133","amazon:B00AEDDSZW,mobi-asin:B00AEDDSZW,goodreads:53124944","2013-06-25T12:30:00+05:30","Penguin","Thriller, Mystery, Suspense, Contemporary, Crime","The Silent Wife","776d4dcc-b676-4df2-b4d9-7c10c9350a8b"
"Kovach, Carla","Carla Kovach","","134","amazon:B08B1LJ5YS,mobi-asin:B08B1LJ5YS,goodreads:54137760","2020-09-17T12:30:00+05:30","Bookouture","Thriller, Mystery, Crime, Suspense, Contemporary","Their Silent Graves","5d579bfe-1e48-4674-8efe-9a410f34aec6"
"Larsson, Stieg","Stieg Larsson","9780307272119","135","isbn:9780307272119,goodreads:6620989","2005-08-01T12:30:00+05:30","Alfred A. Knopf","Mystery, Thriller, Crime, Suspense, Contemporary","The Girl With the Dragon Tattoo","a9d64603-512b-4917-bad8-7112d89f39ef"
"Mullen, O. J. & Mullen, Owen","O. J. Mullen & Owen Mullen","9781837515035","136","goodreads:123221901,isbn:9781837515035,amazon:B0BXWJXJ7Z,mobi-asin:B0BXWJXJ7Z","2023-07-26T12:30:00+05:30","Boldwood Books","Thriller, Mystery, Crime, Contemporary","Three Sisters","eb229581-0c5a-405d-b1d3-137dcef0169a"
"Jackson, Holly","Holly Jackson","9781405293181","137","amazon:1405293187,goodreads:40916679,isbn:9781405293181","2019-05-02T12:30:00+05:30","Electric Monkey","Young Adult, Thriller, Crime, Contemporary, Romance","A Good Girl's Guide to Murder","9870edf2-f513-4b5e-aebb-76fe14f7f595"
"McManus, Karen M.","Karen M. McManus","","138","goodreads:45932891,amazon:B07RTSJQWP,mobi-asin:B07RTSJQWP","2020-01-07T13:30:00+05:30","Delacorte Press","Mystery, Young Adult, Thriller, Contemporary, Crime","One of Us Is Next","be4c7fc6-247a-4c51-93e9-b5082ee5289f"
"Huang, Ana","Ana Huang","9789124245658","139","goodreads:198169382,isbn:9789124245658","2023-01-01T13:30:00+05:30","","Romance, Fantasy, Contemporary, Young Adult","Twisted Lies","f35fe818-097c-497e-aa7c-44a231e93338"
"Bhagat, Chetan","Chetan Bhagat","","140","goodreads:26173657,amazon:B013VO02QI,mobi-asin:B013VO02QI","2004-01-01T13:30:00+05:30","Amazon Publishing","Romance, Contemporary, Young Adult, Humour","Five Point Someone","93c41bcd-a4b9-43f7-b396-2076b8b421b8"
"McManus, Karen M.","Karen M. McManus","9780593565377","141","goodreads:58679358,isbn:9780593565377,amazon:0593565371,mobi-asin:e4b58df3-9c6d-4ee8-9953-2114836d2943","2017-05-30T12:30:00+05:30","Delacorte Press","Mystery, Young Adult, Thriller, Contemporary, Romance","One of Us Is Lying","9999086a-40de-4952-a5e3-4c9aa1075d33"
"Hoover, Colleen","Colleen Hoover","","142","mobi-asin:B07HJYTRMD,goodreads:41957126,amazon:B07HJYTRMD","2018-12-07T13:30:00+05:30","Hoover Ink, Inc.","Thriller, Romance, Mystery, Suspense, Contemporary","Verity","28a91b04-bf74-4a46-bceb-a64854b136cb"
"Carter, Laura","Laura Carter","9781785135729","143","amazon:B0CPSD3ZY6,mobi-asin:B0CPSD3ZY6,goodreads:203745980,isbn:9781785135729","2024-04-08T12:30:00+05:30","Boldwood Books","Romance, Contemporary","Fake It 'Til You Make It","4b2de0b2-99a8-46ae-95c5-1dc96bce3d9f"
"Tracy, Brian","Brian Tracy","9781605095332","144","isbn:9781605095332,goodreads:28783099","2001-01-01T13:30:00+05:30","Berrett-Koehler Publishers","Self Help, Business, Psychology","Eat That Frog!: 21 Great Ways to Stop Procrastinating and Get More Done in Less Time","070e92cc-26e5-45f9-84d6-1b2bf09649d6"
"Bhagat, Chetan","Chetan Bhagat","9788129142146","145","amazon:8129142147,goodreads:31557698,mobi-asin:B01LYOSLGO,amazon_de:B01LYOSLGO,isbn:9788129142146","2016-10-01T12:30:00+05:30","Rupa Publications India","Romance, Contemporary, Young Adult","One Indian Girl","b303acdf-da1a-440f-acb3-abcbbb4edbf1"
"Erikson, Thomas","Thomas Erikson","9781250234001","146","goodreads:39101777,isbn:9781250234001","2014-06-04T12:30:00+05:30","Macmillan Audio","Psychology, Self Help, Business, Sociology","Surrounded by Idiots","1cc0af95-1df4-4dc2-9a25-a9f88378a227"
"Kiyosaki, Robert T.","Robert T. Kiyosaki","9781612680187","147","isbn:9781612680187,goodreads:34026571,amazon:B01MRS5YGS","1997-04-08T12:30:00+05:30","Plata Publishing","Business, Self Help","Rich Dad Poor Dad","f9973e5f-a10e-4f87-8ac3-52f4a4bd0fa0"
"Eyal, Nir","Nir Eyal","9780698190665","148","isbn:9780698190665,goodreads:51036040","2013-12-25T13:30:00+05:30","Penguin Group US","Business, Psychology, Self Help","Hooked: How to Build Habit-Forming Products","87d98774-7a7d-4104-bc4b-6b62302c3c8e"
"Lee, Harper","Harper Lee","9780061120084","149","goodreads:60184782,amazon:0061120081,isbn:9780061120084","1960-07-11T13:30:00+05:30","Harper Perennial Modern Classics","Classics, Historical, Young Adult","To Kill a Mockingbird","d6569764-8a3e-4751-a269-36628cb619a1"
"Carnegie, Dale","Dale Carnegie","","150","amazon:B07D17NY8N,mobi-asin:B07D17NY8N,goodreads:40107028","1936-10-01T13:30:00+05:30","Manjul Publishing House","Self Help, Business, Psychology, Classics","How to Win Friends and Influence People","3c6f44f4-f2cd-451f-88f6-4de939f87be2"
"Gamow, George","George Gamow","9780486135175","151","amazon:B008TVLKK6,goodreads:19065131,isbn:9780486135175","1947-01-01T13:30:00+05:30","Dover Publications","Science, Philosophy, Classics, History","One Two Three . . . Infinity: Facts and Speculations of Science","8fd72a07-b8c9-4d88-8b26-f070ddb388ae"
"Housel, Morgan","Morgan Housel","9780593332702","152","isbn:9780593332702,goodreads:125116554,amazon:0593332709","2023-11-07T13:30:00+05:30","Portfolio","Psychology, Business, Self Help, Philosophy, History","Same as Ever: A Guide to What Never Changes","43948da0-3473-43a4-adaa-53b3d59f9f61"
"Clear, James","James Clear","","153","amazon:B07D23CFGR,goodreads:40121378,asin:B07D23CFGR","2018-10-16T12:30:00+05:30","Avery","Self Help, Psychology, Business, Health, Science","Atomic Habits: An Easy & Proven Way to Build Good Habits & Break Bad Ones","60169251-4959-44a5-8690-87b09766b160"
"Greene, Robert","Robert Greene","9780140280197","154","goodreads:1303,isbn:9780140280197,amazon:0140280197","1998-01-01T13:30:00+05:30","Penguin Books","Psychology, Self Help, Business, Philosophy, History","The 48 Laws of Power","27b0266e-3f50-41cc-8e1d-dcbbe983b333"
"Kahneman, Daniel","Daniel Kahneman","9780141918921","155","goodreads:12955489,isbn:9780141918921","2011-10-25T12:30:00+05:30","Penguin","Psychology, Self Help, Business, Philosophy","Thinking, Fast and Slow","1ce0b059-53fa-4f34-97d1-f44b800c62c8"
"Keller, Jeff","Jeff Keller","9789351772088","156","mobi-asin:B01MPZZLPT,isbn:9789351772088,goodreads:41434218","1999-01-01T13:30:00+05:30","Harper Collins Publishers India","Self Help, Psychology, Business, Philosophy, Inspirational","Attitude Is Everything: Change Your Attitude ... Change Your Life!","415a8f2b-fede-49d1-8954-bcfbbffe9605"
"Warikoo, Ankur","Ankur Warikoo","9789391165482","157","isbn:9789391165482,goodreads:59795331,amazon:9391165486","2021-12-27T13:30:00+05:30","Juggernaut Publication","Self Help, Business, Psychology, Philosophy","Do Epic Shit","11117e96-8552-4ab7-9f09-697c52643d5a"
"Kishimi, Ichiro","Ichiro Kishimi & Fumitake Koga","9781760638269","158","mobi-asin:B074TWG8V7,goodreads:36752952,amazon:B074TWG8V7,isbn:9781760638269","2013-12-12T13:30:00+05:30","Allen & Unwin","Self Help, Psychology, Philosophy, Business","The Courage to Be Disliked: How to Free Yourself, Change Your Life and Achieve Real Happiness","adb4dfc5-4c46-45dd-80b3-5cd8943991b0"
"Foroux, Darius","Darius Foroux","","159","goodreads:36640169,amazon:B077NJWFR3,mobi-asin:B077NJWFR3","2017-01-01T13:30:00+05:30","North Eagle Publishing","Self Help, Psychology, Philosophy, Business, Spirituality","Think Straight: Change Your Thoughts, Change Your Life","cd09bdbc-9439-496b-82f5-306cb90cc71e"
"Berne, Eric","Eric Berne","9781618030061","160","amazon:B005C6E76U,goodreads:12053731,isbn:9781618030061","1964-01-01T13:30:00+05:30","Tantor eBooks","Psychology, Self Help, Philosophy, Sociology, Business","Games People Play","078fedc0-5910-46e5-813e-e7a96cc5cad2"
"Hammond, Justin","Justin Hammond","","161","amazon:B008J2MMWU,goodreads:20745368","2012-07-09T12:30:00+05:30","Inspire3 Publishing","Self Help, Reference, Psychology, Business","Speed Reading: How to Double (Or Triple) Your Reading Speed in Just 1 Hour!","052faaaf-ac8d-40c6-8f3a-a34b968e7b45"
"Duhigg, Charles","Charles Duhigg","9781409038696","162","amazon:1409038696,mobi-asin:B006WAIV6M,isbn:9781409038696,goodreads:17309188","2012-04-25T12:30:00+05:30","Cornerstone Digital","Self Help, Psychology, Business, Science, Sociology","The Power of Habit: Why We Do What We Do, and How to Change","805b051c-44ad-4525-a932-a4845952dec3"
"Hoover, Colleen","Colleen Hoover","9781538756614","163","amazon:B0C1YY5SQR,isbn:9781538756614,goodreads:127555313","2016-04-01T12:30:00+05:30","Grand Central Publishing","Romance, Contemporary, Thriller, Suspense, Adult","Too Late","8377af2d-c452-4aae-bcf6-4d0b676fb219"
"Hoover, Colleen","Colleen Hoover","9781398518186","164","mobi-asin:B09RX311XR,goodreads:60470534,isbn:9781398518186,amazon:B09RX311XR","2022-10-18T12:30:00+05:30","Simon & Schuster UK","Romance, Contemporary, Adult, Young Adult","It Starts With Us","7a7e24a7-cf77-49a2-993b-25950d174b4f"
"Hoover, Colleen","Colleen Hoover","9781471156274","165","google:KmbkCgAAQBAJ,amazon:1471156273,isbn:9781471156274,mobi-asin:B017RNBS3A,goodreads:36493150","2016-08-02T12:30:00+05:30","Simon & Schuster","Contemporary, Adult, Young Adult","It Ends With Us","6adc4142-b90c-41f3-ada1-5868341a28fd"
"Kovach, Carla","Carla Kovach","9781786813855","166","goodreads:38753464,isbn:9781786813855","2018-04-02T12:30:00+05:30","Bookouture","Mystery, Thriller, Crime, Suspense, Adult","The Next Girl","4fdbcd45-42b6-4dda-9996-db307c3ee829"
"Hoover, Colleen","Colleen Hoover","","167","goodreads:51007311,amazon:B084HNWBD6,mobi-asin:B084HNWBD6","2020-08-19T12:30:00+05:30","Hoover Ink, Inc.","Romance, Contemporary, Young Adult, Adult","Heart Bones","a6cd6711-f48f-402e-839e-bfb665e22b9a"
"McFadden, Freida","Freida McFadden","9781803144375","168","mobi-asin:B09TWSRMCB,goodreads:60715327,isbn:9781803144375","2022-04-26T12:30:00+05:30","Bookouture","Thriller, Mystery, Suspense, Crime, Adult","The Housemaid","d2c7ac60-4a93-4889-afe2-cfc8e1bc32c1"
"McFadden, Freida","Freida McFadden","","169","amazon:B0BBL2ZW73,mobi-asin:B0BBL2ZW73,goodreads:62080187","2022-09-19T12:30:00+05:30","Hollywood Upstairs Press","Thriller, Mystery, Suspense, Crime, Adult","Never Lie","b8397ff4-dcbe-4601-af92-16d9ba1f04f9"
"Beevis, Keri","Keri Beevis","","170","mobi-asin:B08N1D3D4P,goodreads:56636407,amazon:B08N1D3D4P","2020-11-16T13:30:00+05:30","Bloodhound Books","Thriller, Mystery, Suspense, Crime, Adult","Trust No One","c17b91c8-b72d-4ac6-b815-aa3515b5f135"
"Hawkins, Paula","Paula Hawkins","9780735211209","171","isbn:9780735211209,goodreads:33151805,amazon:0735211205","2017-05-02T12:30:00+05:30","Riverhead Books","Mystery, Thriller, Crime, Suspense, Adult","Into the Water","f9d5c464-dbdf-4de4-97bd-2669045beb3c"
"Hazelwood, Ali","Ali Hazelwood","9780593550403","172","goodreads:181344829,ff:h/ali-hazelwood/bride,google:2FTHEAAAQBAJ,amazon:B0C9GQV1TT,kobo:bride-6,isbn:9780593550403","2024-02-06T13:30:00+05:30","Berkley","Romance, Fantasy, Paranormal, Vampires, Adult","Bride","c54e303b-0b6c-42f8-a870-556b2e854bbf"
"Dean, Will","Will Dean","9781668021156","173","amazon:1668021153,isbn:9781668021156,goodreads:62919433","2023-08-08T12:30:00+05:30","Atria/Emily Bestler Books","Thriller, Mystery, Horror, Suspense, Adult","The Last One","b89f387c-64c3-44bb-9259-fe3e8f0ec54a"
"Jewell, Lisa","Lisa Jewell","9781501154669","174","isbn:9781501154669,goodreads:35960653","2017-07-27T12:30:00+05:30","Atria Books","Thriller, Mystery, Suspense, Crime, Adult","Then She Was Gone","2818c1d9-e02e-4e25-8d97-4ca97a999551"
"Wilkinson, Diana","Diana Wilkinson","9781837510214","175","goodreads:148521178,isbn:9781837510214,amazon:B0C492MFZL,mobi-asin:B0C492MFZL","2024-03-05T13:30:00+05:30","Boldwood Books","Thriller, Mystery, Suspense, Romance, Adult","The Girl in Seat 2A","394f05d9-9e9b-40c2-8a0e-7adfc84d7ab8"
"Brown, Dan","Dan Brown","9780385504201","176","mobi-asin:daceb6d8-7978-4584-a3ab-eccb2017505b,amazon:0385504209,google:yElaAAAAMAAJ,goodreads:44775660,isbn:9780385504201","2003-03-18T13:30:00+05:30","Doubleday","Mystery, Thriller, Historical, Suspense, Adventure","The Da Vinci Code","aa7136e1-4be1-447b-8e05-e113d7809a41"
"Doerr, Anthony","Anthony Doerr","9781476746586","177","goodreads:18143977,isbn:9781476746586,amazon:1476746583,mobi-asin:B00DPM7TIG","2014-05-06T12:30:00+05:30","Scribner","Historical, War, Adult","All the Light We Cannot See","b88a4835-599a-499e-a96b-ecb48c515041"
"Dettmer, Philipp","Philipp Dettmer","9780593241318","178","amazon:0593241312,goodreads:57423646,isbn:9780593241318","2021-09-28T12:30:00+05:30","Random House","Science, Health, Biography","Immune: A Journey Into the Mysterious System That Keeps You Alive","3dfa0a0c-122f-4eaa-aa36-3c13ee595ed2"
"Manson, Mark","Mark Manson","9780062457714","179","goodreads:28257707,isbn:9780062457714,amazon:0062457713","2016-01-01T00:00:00+05:30","Harper","Self Help, Psychology, Philosophy, Business, Humour","The Subtle Art of Not Giving a F*ck: A Counterintuitive Approach to Living a Good Life","988da7ba-a132-4baf-8d2f-9bc465f57de9"
"Brown, Dan","Dan Brown","9780385538176","180","goodreads:17212231,isbn:9780385538176,amazon:0385537859","2013-05-14T12:30:00+05:30","Doubleday","Thriller, Mystery, Historical, Suspense, Adventure","Inferno","c16a9410-812c-4f74-a752-0d40ddb0a45d"
"Rowling, J. K.","J. K. Rowling","","181","mobi-asin:B01B3DIPMW,goodreads:28787784,amazon:B01B3DIPMW","2007-10-01T12:30:00+05:30","Pottermore Publishing","Fantasy, Young Adult, Childrens, Adventure, Classics","Harry Potter: The Complete Collection","080344b9-cd88-47e3-8f73-38a36565e3a0"
"Trenton, Nick","Nick Trenton","9798715048394","182","amazon:B08XPQL61B,goodreads:57280624,isbn:9798715048394","2021-03-01T00:00:00+05:30","NCTS Inc.","Self Help, Psychology, Health, Business","Stop Overthinking: 23 Techniques to Relieve Stress, Stop Negative Spirals, Declutter Your Mind, and Focus on the Present","cdbecc3e-476b-469d-b9e5-e4ac32baaf7c"
"Schroedinger, Erwin","Erwin Schroedinger","","183","","2014-06-30T05:17:48+05:30","","","What is Life?","98391cf5-06d6-4797-9fac-0999d8b2833a"
"Brooks, David","David Brooks","9780593230060","184","isbn:9780593230060,amazon:059323006X,goodreads:144407855","2023-10-24T00:00:00+05:30","Random House","","How to Know a Person: The Art of Seeing Others Deeply and Being Deeply Seen","c5e00100-c566-4dc3-b90b-9ee7f2044c6c"
"Lahiri, Jhumpa","Jhumpa Lahiri","9780547447810","186","isbn:9780547447810,isbn13:9780006551805,isbn10:0006551807,goodreads:7727018,amazon:0547447817","2010-11-15T13:30:00+05:30","Houghton Mifflin Harcourt","Classics, Adult","Interpreter of Maladies / the Namesake","b31d6d42-58d4-49da-bf8f-51b429271389"
"Hosseini, Khaled","Khaled Hosseini","9781594489501","187","isbn:9781594489501,goodreads:11063502,amazon:B002R88G5E","2007-05-01T00:00:00+05:30","Riverhead","Historical, Classics, War, Adult","A Thousand Splendid Suns","e2b9c62d-f698-4c6b-af08-ddd4129cc544"
"Hoover, Colleen","Colleen Hoover","","188","amazon:B00HB62MC0,goodreads:17788401","2014-08-05T00:00:00+05:30","Atria Books","Romance, Contemporary, Adult, Young Adult","Ugly Love","5c04fc38-5520-4f19-bd32-e596160af250"
"Carter, Laura","Laura Carter","9781785135255","189","isbn:9781785135255,goodreads:157988466,amazon:B0C5VBZJ1X,mobi-asin:B0C5VBZJ1X","2023-08-23T12:30:00+05:30","Boldwood Books","Romance, Contemporary, Humour, Adult","The Law of Attraction","ecc4dc9a-b7b1-4536-8ee4-2467481b9a40"
"Huang, Ana","Ana Huang","9781735056654","190","asin:B08Y6DCS1Y,goodreads:57755454,isbn:9781735056654,google:qwlWzgEACAAJ,amazon:1735056650","2021-04-21T12:30:00+05:30","Ana Huang","Romance, Contemporary, Adult","Twisted Love","95107668-45dc-4c68-a2a7-8d9512a53e8a"
"Elston, Ashley","Ashley Elston","9780593492918","191","goodreads:164444179,isbn:9780593492918","2024-01-02T13:30:00+05:30","Pamela Dorman Books","Thriller, Mystery, Suspense, Adult, Contemporary","First Lie Wins","697ea1a1-3b8e-4b9b-98e9-5a7d3ba7d29d"
"Huang, Ana","Ana Huang","","192","amazon:B0994RZ2L1,mobi-asin:B0994RZ2L1,goodreads:56688531","2022-01-27T13:30:00+05:30","","Romance, Contemporary, Adult","Twisted Hate","07f8dee7-711f-4bb8-8f4a-0b50f6e9c9c3"
"Anders, Natasha","Natasha Anders","","193","goodreads:16056862,amazon:B009I3UOKQ","2012-09-26T12:30:00+05:30","Natasha Anders","Romance, Contemporary, Adult","The Unwanted Wife","cbe1fe60-d25c-49e8-bc42-06aa1bb9cddb"
"Huang, Ana","Ana Huang","","194","mobi-asin:B091SLLP6H,amazon:B091SLLP6H,goodreads:56653002","2021-07-29T12:30:00+05:30","","Romance, Contemporary, Adult","Twisted Games","72e5632e-a9fc-43b3-9c5a-3bd1abe83b80"
"Bailey, Tessa","Tessa Bailey","9780062872869","195","goodreads:44148563,isbn:9780062872869","2020-01-14T13:30:00+05:30","Avon","Romance, Contemporary, Adult","Love Her or Lose Her","56d524d1-d823-43f5-ad2c-bed616deddc2"
"Meurisse, Thibaut","Thibaut Meurisse","9798525995178","196","isbn:9798525995178,goodreads:58503121,amazon:B098MHBF23","2021-01-01T00:00:00+05:30","Independently published","Self Help, Psychology, Health, Science","Dopamine Detox : A Short Guide to Remove Distractions and Get Your Brain to Do Hard Things","63aec302-e3f7-4c57-a407-43004567216e"
"James, Lylah","Lylah James","","197","amazon:B08Z5Y3G7L,goodreads:57440859,mobi-asin:7323308e-d2c0-46f4-86c9-c5d4242e8cd7","2021-05-05T12:30:00+05:30","","Romance, Contemporary, Adult, Suspense","A Vow of Forever","a2afb19a-4067-4fa3-827f-f38acd639b79"
"Housel, Morgan","Morgan Housel","9780857197689","198","goodreads:41881472,amazon:0857197681,isbn:9780857197689","2020-09-08T00:00:00+05:30","Harriman House","Self Help","The Psychology of Money: Timeless Lessons on Wealth, Greed, and Happiness","08789b9b-efde-46e6-b406-3806a5515a27"
"Feeney, Alice","Alice Feeney","9780008225353","199","amazon:0008225354,goodreads:32326398,isbn:9780008225353","2017-03-23T00:00:00+05:30","HQ","Mystery, Suspense, Adult, Crime, Thriller","Sometimes I Lie","6191b733-50d3-426b-9731-75402cac7e58"
"Bennett, Brit","Brit Bennett","9780525536291","200","isbn:9780525536291,goodreads:199302532,mobi-asin:81d54448-58c6-4016-a4b6-ea876ddcab21,amazon:0525536299","2020-06-02T12:30:00+05:30","Riverhead Books","Historical, Contemporary, Adult","The Vanishing Half","edb87b2a-594d-4bcc-b193-625fca0db6e5"
"Clark, Julie","Julie Clark","9781728215723","201","mobi-asin:b136c95a-57dc-4fa5-ba23-a67433dbf9c9,amazon:1728215722,isbn:9781728215723,goodreads:52652923","2020-06-02T12:30:00+05:30","Sourcebooks Landmark","Mystery & Detective, Noir, Psychological, Mystery, Family Life, Thriller, Suspense, Domestic, Thrillers, Adult, General, Crime, Contemporary, Fiction, Women","The Last Flight","ba72d752-96bb-46fd-995e-18a146a30764"
"Foley, Lucy","Lucy Foley","9780062978738","202","isbn:9780062978738,goodreads:51938853,amazon:006297873X","2020-02-20T00:00:00+05:30","HarperLuxe","Suspense, Adult, Crime, Mystery, Thriller","The Guest List","14b193fd-cda5-42ac-9ab5-27b22e7a6708"
"Jackson, Holly","Holly Jackson","9780755504404","203","mobi-asin:8ea4be72-e708-4cd1-92d0-03fda97c9673,goodreads:61313902,isbn:9780755504404,amazon:0755504402","2022-11-29T13:30:00+05:30","Electric Monkey","Mystery, Thriller, Young Adult, Contemporary, Crime","Five Survive","d130478b-07f4-4b37-b49b-126389688edf"
"Feeney, Alice","Alice Feeney","","204","goodreads:57026221,mobi-asin:B08QGLNSFK,amazon:B08QGLNSFK","2021-08-19T12:30:00+05:30","HarperCollins Publishers","Thriller, Mystery, Suspense, Adult, Contemporary","Rock Paper Scissors","8bf6c8e7-ddf8-44e1-9a01-0ddf9c7802ff"
"Knight, Phil","Phil Knight","9781501135910","205","isbn:9781501135910,goodreads:27220736,amazon:1501135910,mobi-asin:a644a53d-0914-4c54-984d-0d5a17bbb333","2016-04-24T12:30:00+05:30","Scribner","Business, Biography","Shoe Dog: A Memoir by the Creator of Nike","9b0f96aa-2a60-4341-ae8c-a88a43496ccf"
"Michaelides, Alex","Alex Michaelides","9781250301697","206","isbn:9781250301697,amazon:1250301696,mobi-asin:B07D2C6J4K,goodreads:40097951","2018-01-01T13:30:00+05:30","Celadon Books","Thriller, Mystery, Suspense, Crime, Adult","The Silent Patient","b4fb6fa8-9ef7-4d22-8376-7c1b4c495d2d"
"Larsson, Stieg","Stieg Larsson","9780307269980","303","goodreads:5060378,isbn:9780307269980,amazon:0307269981","2006-01-01T13:30:00+05:30","Knopf","Mystery, Thriller, Crime, Suspense, Contemporary","The Girl Who Played With Fire","d38b5969-fc5f-487e-8905-ae90c7896045"
"Kuang, Yulin","Yulin Kuang","","304","goodreads:63247365","2024-04-09T12:30:00+05:30","HarperCollins","Romance, Contemporary, Adult","How to End a Love Story","8d7380a9-5284-4bdc-98cb-6a114691924d"
"Preston, Natasha","Natasha Preston","9780593704066","305","goodreads:174146809,amazon:0593704061,isbn:9780593704066","2024-05-07T05:30:00+05:30","Delacorte Press","Thriller, Mystery, Young Adult, Horror, Suspense","The Dare","0acb2d32-b6da-49fb-9410-9835ca68d1e9"
"Weir, Andy","Andy Weir","9780804139021","306","amazon:0804139024,mobi-asin:b5286102-5851-48ec-a6f1-026fbd64f746,goodreads:18007564,isbn:9780804139021","2011-09-27T12:30:00+05:30","Ballantine Books","Science Fiction, Adventure, Adult, Thriller, Fantasy","The Martian","b8a18a94-375f-41ee-b0a1-7b36400bb33b"
"Bhagat, Chetan","Chetan Bhagat","9781542094085","307","amazon:1542094089,isbn:9781542094085,goodreads:59060924","2021-01-01T13:30:00+05:30","Westland","Thriller, Mystery, Crime, Fiction, Suspense, Romance","400 Days","b185fef8-e4ab-45cd-a521-82d8cd5187ee"
"Bhagat, Chetan","Chetan Bhagat","9788129135520","308","mobi-asin:B013VO02ZO,isbn:9788129135520,amazon:B01D1PFCC6,goodreads:25669001","2009-10-08T12:30:00+05:30","Rupa Publications Private Limited","Romance, Contemporary, Young Adult, Humour","2 States","7fde5ced-9e75-4220-8da3-b72fd4e1c379"
"Bhagat, Chetan","Chetan Bhagat","9781503987999","309","amazon:B013VO02NQ,isbn:9781503987999,goodreads:26185613,mobi-asin:B013VO02NQ","2005-01-01T13:30:00+05:30","Amazon Publishing","Romance, Contemporary, Young Adult, Humour, Fantasy","One Night @ the Call Center","1aa956d9-8163-445a-bff1-57cbb1d6b9ca"
"Bhagat, Chetan","Chetan Bhagat","9788129135513","310","goodreads:26175498,isbn:9788129135513,mobi-asin:B013VO02MC,amazon:8129135515","2014-11-02T05:30:00+05:30","Amazon Publishing","Romance, Contemporary, Young Adult, Humour","The 3 Mistakes of My Life","f1f05f39-c002-477e-be27-723a697a6729"
"Bhagat, Chetan","Chetan Bhagat","9788129118806","311","amazon:8129118807,isbn:9788129118806,goodreads:12615008","2011-01-01T00:00:00+05:30","Rupa and Co","Romance, Contemporary, Young Adult","Revolution 2020","f12673e9-8054-448b-a66a-795cebbeb99c"
"Bhagat, Chetan","Chetan Bhagat","9781542094139","312","isbn:9781542094139,mobi-asin:aa03ccf2-f460-42d3-b0d2-8edbb656219c,google:0tjAzQEACAAJ,amazon:1542094135,goodreads:55037026","2020-09-28T00:00:00+05:30","Amazon Publishing","Fiction, Crime, Friendship, Marriage, Mystery, Love","One Arranged Murder","ac295c39-1940-43a9-95e1-f517c7a76bf1"
"Brite, Poppy Z.","Poppy Z. Brite","9780684836270","313","isbn:9780684836270,goodreads:15320,amazon:0684836270","1996-01-01T00:00:00+05:30","Gallery Books","Horror, Thriller, Crime, Adult, Gay","Exquisite Corpse","1cf1149f-aa30-42cb-868e-4afde34cb52d"
"Harlen, B. G.","B. G. Harlen","","314","amazon:B008VHD6AU,goodreads:16049218","2012-08-08T12:30:00+05:30","Self-published","Suspense & Thrillers, Suspense, Horror, Contemporary, Thriller, Adult","Break Her","5712143f-b412-4bec-8eec-fb8c622d9407"
"Palahniuk, Chuck","Chuck Palahniuk","9781400032822","315","isbn:9781400032822,amazon:1400032822,goodreads:22288","2005-06-21T12:30:00+05:30","Vintage","Horror, Contemporary, Thriller, Adult, Humour","Haunted","10487aad-18ac-44d5-a71f-79935f93a1fa"
"Ellis, Bret Easton","Bret Easton Ellis","9780679735779","316","kobo:american-psycho-16,amazon:0679735771,goodreads:28676,wd:Q466504,isbn:9780679735779,google:Gd_mGRCwW1QC","1991-03-06T13:30:00+05:30","Vintage Contemporaries / Random House","Fiction, 20th Century, Mystery, Horror, Crime, American, Contemporary, Thriller, Mystery & Suspense, Thriller & Suspense, Narcissism, Classics","American Psycho","972dde59-c557-410b-a252-c415708a33ac"
"García, Héctor & Miralles, Francesc","Héctor García & Francesc Miralles","","318","amazon:B01NAG34EH,goodreads:42405521","2016-04-01T00:00:00+05:30","Penguin Books","Self Help, Philosophy, Psychology, Health, Spirituality","Ikigai: The Japanese Secret to a Long and Happy Life","c44b5e08-66ee-4fda-88c0-b0490370515c"
"Cameron, Stevie","Stevie Cameron","9780676975857","319","amazon:0676975852,goodreads:10368611,google:pUT4AAAAQBAJ,isbn:9780676975857","2010-08-13T12:30:00+05:30","Vintage Canada","Crime, Mystery, True Crime, Horror, Biography, History, Murder, Non-Fiction","On the Farm","a9182050-3ae0-464f-ab4d-b76228a014ca"
"Jackson, Holly","Holly Jackson","9781405297776","320","mobi-asin:B07Z5X3ZMD,goodreads:54746505,isbn:9781405297776,amazon:1405297778","2020-04-30T12:30:00+05:30","Electric Monkey","Mystery, Young Adult, Thriller, Crime, Contemporary","Good Girl, Bad Blood","8d18ea33-e67a-479b-afe7-6fd078b3f09a"
"Holly, Jackson","Jackson Holly","9781405298605","321","goodreads:56905097,isbn:9781405298605,amazon:140529860X","2021-07-20T00:00:00+05:30","HARPER COLLINS","Mystery, Young Adult, Thriller, Crime, Contemporary","As Good as Dead","3cd47c15-c7bd-4456-9d01-a3044528dd34"
"McFadden, Freida","Freida McFadden","9781728296210","322","amazon:1728296218,isbn:9781728296210,goodreads:195967140","2024-02-06T00:00:00+05:30","Poisoned Pen Press","Thriller, Mystery, Adult, Crime, Suspense, American Suspense, Psychological Suspense, Domestic Thriller","The Teacher","248289bc-fa53-4f55-9130-f26e6761e072"
"Hazelwood, Ali","Ali Hazelwood","","323","mobi-asin:B08T6XN4FP,goodreads:59336483,amazon:B08T6XN4FP","2021-09-14T12:30:00+05:30","Berkley","Contemporary, Adult, Young Adult","The Love Hypothesis","b40a9435-da88-45b9-aca6-b6db90d1e065"
"Rooney, Sally","Sally Rooney","9780571334667","324","goodreads:37539458,amazon:0571334660,isbn:9780571334667","2018-08-28T12:30:00+05:30","Faber & Faber","Romance, Contemporary, Adult","Normal People","54ac0859-f687-4eae-9e5f-b6073aadc047"
"Hoover, Colleen","Colleen Hoover","9781501170621","325","google:hlU3DwAAQBAJ,goodreads:33361210,amazon:1501170627,isbn:9781501170621","2017-10-03T12:30:00+05:30","Atria Books","New Adult, Fiction, Women, Young Adult, Family Life, General, Psychological, Romance, Contemporary","Without Merit","1ee1901e-d076-41bf-9669-be512eb20479"
"Coben, Harlan","Harlan Coben","9781538756317","326","goodreads:198494009,isbn:9781538756317,amazon:1538756315","2024-05-14T12:30:00+05:30","Grand Central Publishing","Mystery, Thriller, Suspense, Crime, Adult","Think Twice","bfb33275-27c0-45b9-9c91-21808535209f"
"Score, Lucy","Lucy Score","9798886439298","327","amazon:B0BVNZD4FY,isbn:9798886439298,goodreads:116536542","2023-09-05T12:30:00+05:30","That's What She Said Publishing","Romance, Contemporary, Adult, Suspense","Things We Left Behind","2a3fc442-ffb7-4f1b-ae40-23faa76f4687"
"Grant, Adam","Adam Grant","9781984878106","328","amazon:1984878107,goodreads:55539565,isbn:9781984878106","2021-02-02T00:00:00+05:30","Viking Books","Psychology, Self Help, Business, Science, Philosophy","Think Again: The Power of Knowing What You Don't Know","4783731a-f3d7-4818-8862-7e05ab7cde5b"
"Hosseini, Khaled","Khaled Hosseini","9781594631931","329","isbn:9781594631931,amazon:159463193X,uri:urn:uuid:fbd-bcb2b7-3e3b-b940-c9b8-ef00-b9e0-7512fe","2013-03-05T05:30:00+05:30","Riverhead Books","prose_contemporary","The Kite Runner","ad9c74d6-5caf-420f-9a8f-077a171bd1ba"
"Score, Lucy","Lucy Score","9781945631849","330","mobi-asin:B09PNM8FFN,goodreads:60060431,isbn:9781945631849,amazon:B09PNM8FFN","2022-01-12T13:30:00+05:30","That's What She Said Publishing","Contemporary, Adult","Things We Never Got Over","3cd4fd62-1507-4c99-94d2-162651ec2118"
"Tyce, Harriet","Harriet Tyce","","331","goodreads:50368041,amazon:B0791HFBVX","2019-01-10T00:00:00+05:30","Wildfire","Thriller, Mystery, Crime, Suspense, Contemporary","Blood Orange","dec32fc3-7dc5-4eca-bf37-2b7b7b91c450"
"Phifer, Helen","Helen Phifer","9781837903467","332","isbn:9781837903467,goodreads:156425230,google:4k3uzwEACAAJ,mobi-asin:B0BW4CYF17,amazon:1837903468","2023-05-30T05:30:00+05:30","Bookouture","Mystery, Thriller, Crime, Suspense","Hold Your Breath","2b31fc21-b521-4161-9d12-5855b7b25430"
"Kross, Ethan","Ethan Kross","9780525575238","333","goodreads:53330118,isbn:9780525575238,amazon:0525575235","2021-01-26T05:30:00+05:30","Crown","Psychology, Self Help, Science, Health, Business","Chatter: The Voice in Our Head, Why It Matters, and How to Harness It","9d13f39c-a576-46ec-bae2-ea027435e419"
"Lapena, Shari","Shari Lapena","9780593077382","334","isbn:9780593077382,mobi-asin:B019GDH58Q,amazon:0593077385,goodreads:28261170","2016-01-02T05:30:00+05:30","Batam Press","Thriller, Mystery, Suspense, Crime, Adult","The Couple Next Door","b17f9f48-37bd-47d8-9d82-8fd4ab93ef0c"
"Yarros, Rebecca","Rebecca Yarros","9781649374042","335","isbn:9781649374042,goodreads:61431922,amazon:1649374046","2023-05-02T05:30:00+05:30","Entangled: Red Tower Books","Fantasy, Dragons;Fantasy Academy;fantasy romance;dragon riders;Fourth Wing;Fourth Wing by Rebecca Yarros;Rebecca Yarros;USA Today bestselling author;fantasy;mythical creatures;action and adventure;epic;epic fantasy;enemies to lovers;war;fantasy college;new fantasy releases;adult fantasy;adult fiction;bestselling author;realms;sisters;siblings;new adult fiction, Young Adult, Romance, Adult","Fourth Wing","3e591929-ec29-4295-9d07-e5fd68095d16"
"Hoover, Colleen","Colleen Hoover","9781471149313","336","isbn:9781471149313,mobi-asin:B00PZARDN2,goodreads:23606563,amazon:B00PZARDN2","2014-11-24T13:30:00+05:30","Simon & Schuster UK","Romance, Contemporary, Young Adult, Adult","Maybe Not","9c398f51-47c5-47ad-bd58-3a5dd2fe007c"
"Hoover, Colleen","Colleen Hoover","9798885786065","337","amazon:B0BFXNHLX4,isbn:9798885786065","2023-01-25T05:30:00+05:30","Thorndike Press Large Print","Romance, Contemporary, Young Adult, Adult","Maybe Now: A Novel","be51f248-6d2d-42f5-b005-eea608795609"
"calibre","calibre","","338","mobi-asin:4b0a0ef9-0120-4e4e-a9d7-e11a67976292","2024-05-31T13:35:30+05:30","","Catalog","My Books List","35853b17-6fae-4bb2-80e5-33384c3912fa"
"গুহ, বুদ্ধদেব","বুদ্ধদেব গুহ","","340","","2023-08-20T23:30:00+05:30","Kindle Bangla","Kindle Bangla","ঋজুদা সমগ্র","69393db7-53bd-43d3-8ddd-b294d78e31c6"
"অপু, অনীশ দাস","অনীশ দাস অপু","","341","","2023-09-12T23:30:00+05:30","Kindle Bangla","Kindle Bangla","পৃথিবীর সেরা থ্রিলার গল্প","3656371c-9043-4534-928b-0b064133eef0"
"গঙ্গোপাধ্যায়, নারায়ণ","নারায়ণ গঙ্গোপাধ্যায়","","342","","2023-07-27T23:30:00+05:30","Kindle Bangla","Kindle Bangla","টেনিদা সমগ্র","170726fd-2c81-4627-bc76-0ab459e06fad"
"কর, বিমল","বিমল কর","","343","","2023-08-03T23:30:00+05:30","Kindle Bangla","Kindle Bangla","বাছাই করা গল্প","c79db8f3-a5a9-4bd4-93a2-1b04cc752ec4"
"কর, বিমল","বিমল কর","","344","","2023-11-26T23:30:00+05:30","Kindle Bangla","Kindle Bangla","একটি ফোটো চুরির রহস্য","53f10127-442b-489b-ac1f-94d24e81d1e7"
"কর, বিমল","বিমল কর","","345","","2020-09-19T05:30:00+05:30","Kindle Bangla","Kindle Bangla","পঞ্চাশটি গল্প","1453846b-f411-4269-be00-23eff6bf3ff9"
"চট্টোপাধ্যায়, সঞ্জীব","সঞ্জীব চট্টোপাধ্যায়","","346","","2019-09-19T00:00:00+05:30","Kindle Bangla","Kindle Bangla","উপন্যাস সমগ্র-১","8285f3a3-adfd-4eee-9d91-eed7c1171c1e"
"চট্টোপাধ্যায়, সঞ্জীব","সঞ্জীব চট্টোপাধ্যায়","","347","","2023-08-17T23:30:00+05:30","Kindle Bangla","Kindle Bangla","লোটাকম্বল","9edfe3b8-725b-4f8c-8482-992a64315db2"
"চট্টোপাধ্যায়, সঞ্জীব","সঞ্জীব চট্টোপাধ্যায়","","348","","2024-02-01T23:30:00+05:30","Kindle Bangla","Kindle Bangla","মৃগয়া","89102a78-4faa-4e56-b38c-4ef303ab3588"
"ভার্ন, জুল","জুল ভার্ন","","349","","2024-03-08T23:30:00+05:30","Kindle Bangla","Kindle Bangla","জার্নি টু দি সেন্টার অব দি আর্থ","892b68cb-a8c9-47cd-b25e-7e3ec73ddeb6"
"বসু, সমরেশ","সমরেশ বসু","","350","","2023-05-19T23:30:00+05:30","Kindle Bangla","Kindle Bangla","বিশ্বাস","08b72310-499f-4b50-b7de-8dea975548f6"
"ভার্ন, জুল","জুল ভার্ন","","351","","2024-03-11T23:30:00+05:30","Kindle Bangla","Kindle Bangla","এরাউন্ড দ্য ওয়ার্ল্ড ইন এইটি ডেজ","a2463706-b33a-42a9-b70f-1bd1df49b524"
"বন্দ্যোপাধ্যায়, শরদিন্দু","শরদিন্দু বন্দ্যোপাধ্যায়","","352","","2023-08-22T23:30:00+05:30","Kindle Bangla","Kindle Bangla","ঝিন্দের বন্দী","29e57aa1-614f-4880-b102-99e8a4e1f1a7"
"বন্দ্যোপাধ্যায়, শরদিন্দু","শরদিন্দু বন্দ্যোপাধ্যায়","","353","","2019-06-01T00:00:00+05:30","Kindle Bangla","Kindle Bangla","বোমক্যাশ সমগ্র","9ba0185a-6dfc-4868-87c0-c07fbe3af9bb"
"সান্যাল, নারায়ণ","নারায়ণ সান্যাল","","354","","2024-01-29T23:30:00+05:30","Kindle Bangla","Kindle Bangla","আম্রপালী","c6f5aa66-79d7-48fc-b121-2bd36dded13f"
"সান্যাল, নারায়ণ","নারায়ণ সান্যাল","","355","","2024-01-29T23:30:00+05:30","Kindle Bangla","Kindle Bangla","আবার যদি ইচ্ছা কর","16b38f79-2d74-4813-9154-18ce7a1ad17b"
"বন্দ্যোপাধ্যায়, শরদিন্দু","শরদিন্দু বন্দ্যোপাধ্যায়","","356","","2023-08-22T23:30:00+05:30","Kindle Bangla","Kindle Bangla","ছায়াপথিক","35b3758c-8929-4b56-aa9f-ebddf1677462"
"বিবেকানন্দ, স্বামী","স্বামী বিবেকানন্দ","","357","","2023-08-25T23:30:00+05:30","Kindle Bangla","Kindle Bangla","কর্মযোগ","c3f0d870-b007-4286-8cd8-1235ad8effd9"
"বিবেকানন্দ, স্বামী","স্বামী বিবেকানন্দ","","358","","2023-08-25T23:30:00+05:30","Kindle Bangla","Kindle Bangla","জ্ঞানযোগ-প্রসঙ্গে","6cc37ead-b2c4-408a-9c15-5c916d691bfb"
"সান্যাল, নারায়ণ","নারায়ণ সান্যাল","","359","","2024-01-29T23:30:00+05:30","Kindle Bangla","Kindle Bangla","কাঁটায়-কাঁটায় - প্ৰথম খণ্ড","66996778-8846-4f51-b0b8-16423f8232bd"
"হকিং, স্টিফেন","স্টিফেন হকিং","","360","","2023-08-15T23:30:00+05:30","Kindle Bangla","Kindle Bangla","কালের সংক্ষিপ্ত ইতিহাস","11e106f0-902e-4ed0-90d2-327f84866e7a"
"হকিং, স্টিফেন","স্টিফেন হকিং","","361","","2023-08-15T23:30:00+05:30","Kindle Bangla","Kindle Bangla","ব্ল্যাকহোল","ac273d6f-e2a8-4f8c-b67e-8bd4271cef03"
"দেব, অনীশ","অনীশ দেব","","362","","2023-08-18T23:30:00+05:30","Kindle Bangla","Kindle Bangla","তেইশ ঘণ্টা ষাট মিনিট","b19dd5ff-f194-46f7-be95-ed96d8b0c9e7"
"দেব, অনীশ","অনীশ দেব","","363","","2023-09-25T23:30:00+05:30","Kindle Bangla","Kindle Bangla","তুমি পিশাচ","7f344174-0082-4bab-b4bc-683873ad14f2"
"দেব, অনীশ","অনীশ দেব","","364","","2023-09-25T23:30:00+05:30","Kindle Bangla","Kindle Bangla","সরি, রং নাম্বার","80fa31f7-b78d-41bf-b53e-645339861b65"
"দেব, অনীশ","অনীশ দেব","","365","","2023-09-25T23:30:00+05:30","Kindle Bangla","Kindle Bangla","আমি পিশাচ","f67e730e-c80a-4044-a2f2-9a48b2c4def8"
"দেব, অনীশ","অনীশ দেব","","366","","2023-08-08T23:30:00+05:30","Kindle Bangla","Kindle Bangla","দেখা যায় না, শোনা যায়","3369f76c-5a17-4c4a-a5e4-b5381dc6715b"
"দেব, অনীশ","অনীশ দেব","","367","","2023-08-18T23:30:00+05:30","Kindle Bangla","Kindle Bangla","বারোটি রহস্য উপন্যাস","a40c945d-60db-4595-9621-f16df6581d1b"
"দেব, অনীশ","অনীশ দেব","","368","","2023-08-08T23:30:00+05:30","Kindle Bangla","Kindle Bangla","ভূতনাথের ডায়েরি","31282996-289a-471b-adf8-f481b184bed3"
"দেব, অনীশ","অনীশ দেব","","369","","2023-08-18T23:30:00+05:30","Kindle Bangla","Kindle Bangla","প্রতিঘাত","8fb0c05e-0a25-4681-98ce-ad337a52b028"
"হিটলার, অ্যাডলফ","অ্যাডলফ হিটলার","","370","","2023-06-01T23:30:00+05:30","Kindle Bangla","Kindle Bangla","মাইন ক্যাম্ফ","41fb99bc-0805-4afb-ad66-80040b557c84"
"ফ্রাঙ্ক, আনা","আনা ফ্রাঙ্ক","","371","","2023-07-29T23:30:00+05:30","Kindle Bangla","Kindle Bangla","আনা ফ্রাঙ্ক এর ডায়েরি","e7c0e5fe-f070-4855-ac68-2da2bd325c04"
"দেব, অনীশ","অনীশ দেব","","372","","2023-09-25T23:30:00+05:30","Kindle Bangla","Kindle Bangla","ডট কম রহস্য","9f196b9e-bf5c-4faf-bd81-a20ce40ccff4"
"রায়, সুকুমার","সুকুমার রায়","","373","","2017-01-22T23:30:00+05:30","Kindle Bangla","Kindle Bangla","পাগলা দাশু","2447840c-0372-4cc8-b16f-def77df3987e"
"রায়, সুকুমার","সুকুমার রায়","","374","mobi-asin:6BX75ZNVLETWKPKI85A4KHVCA41AZ6LD","1922-09-14T05:30:00+05:30","Kindle Bangla","Kindle Bangla","হ য ব র ল","51a9408e-9a16-4b7e-8841-31f936a098be"
"রায়, সুকুমার","সুকুমার রায়","","375","","2015-10-29T05:30:00+05:30","Kindle Bangla","Kindle Bangla","সুকুমার রায় গল্প সমগ্র","795d0093-08a7-441f-ae73-7c3210d89b37"
"রায়, সুকুমার","সুকুমার রায়","","376","","2016-01-12T05:30:00+05:30","Kindle Bangla","Kindle Bangla","আবোল তাবোল","40412bdb-6f2e-46df-8af7-7218bb5bbdaa"
"রায়চৌধুরী, উপেন্দ্রকিশোর","উপেন্দ্রকিশোর রায়চৌধুরী","","377","","2020-05-10T05:30:00+05:30","Kindle Bangla","Kindle Bangla","গল্পমালা","548f3322-745b-435f-b433-312c0b51fb02"
"চট্টোপাধ্যায়, বঙ্কিমচন্দ্র","বঙ্কিমচন্দ্র চট্টোপাধ্যায়","","378","","2023-04-08T23:30:00+05:30","Kindle Bangla","Kindle Bangla","দেবী চৌধুরাণী","4e7247ab-3ba2-45ed-af3f-4bfa09c279c5"
"চট্টোপাধ্যায়, বঙ্কিমচন্দ্র","বঙ্কিমচন্দ্র চট্টোপাধ্যায়","","379","","2023-08-02T23:30:00+05:30","Kindle Bangla","Kindle Bangla","কপালকুণ্ডলা","619920f5-4ecf-4525-8be4-3225f6466b71"
"চট্টোপাধ্যায়, বঙ্কিমচন্দ্র","বঙ্কিমচন্দ্র চট্টোপাধ্যায়","","380","","2023-04-08T23:30:00+05:30","Kindle Bangla","Kindle Bangla","দুর্গেশনন্দিনী","2935a380-3465-4c9c-a2cc-96e57c2ed96d"
"মুখোপাধ্যায়, শীর্ষেন্দু","শীর্ষেন্দু মুখোপাধ্যায়","","381","","2021-10-03T00:00:00+05:30","Kindle Bangla","Kindle Bangla","অসমাপ্ত","dee2f0e1-6af4-4616-bcba-8f109a8b2656"
"মুখোপাধ্যায়, শীর্ষেন্দু","শীর্ষেন্দু মুখোপাধ্যায়","","382","","2023-03-13T05:30:00+05:30","Kindle Bangla","Kindle Bangla","শীর্ষেন্দুর সেরা ১০১","257cb078-112b-4f3e-8fe7-af5a4efb5d3a"
"মুখোপাধ্যায়, শীর্ষেন্দু","শীর্ষেন্দু মুখোপাধ্যায়","","383","","2023-03-13T05:30:00+05:30","Kindle Bangla","Kindle Bangla","রহস্য সমগ্র-শীর্ষেন্দু মুখোপাধ্যায়","b70830cb-658a-4d20-a607-3e1523011883"
"মুখোপাধ্যায়, শীর্ষেন্দু","শীর্ষেন্দু মুখোপাধ্যায়","","384","","2020-06-22T05:30:00+05:30","Kindle Bangla","Kindle Bangla","গল্পসমগ্র","edeb5afd-a58e-474a-94d2-e33b79f99b11"
"ভৌমিক, অনিল","অনিল ভৌমিক","","385","","2023-09-16T23:30:00+05:30","Kindle Bangla","Kindle Bangla","হীরক সিন্দুকের সন্ধানে","cb7561e2-8986-4b57-b389-1487f2937fba"
"মুখোপাধ্যায়, শীর্ষেন্দু","শীর্ষেন্দু মুখোপাধ্যায়","","386","","2023-03-12T05:30:00+05:30","Kindle Bangla","Kindle Bangla","চক্র","302b3f53-d6da-49bf-933a-fdddf4d4a24d"
"ভৌমিক, অনিল","অনিল ভৌমিক","","387","","2023-09-17T23:30:00+05:30","Kindle Bangla","Kindle Bangla","অভিশপ্ত দ্বীপে ফ্রান্সিস","3fbac32e-297f-41f2-8ca7-c51364cbae39"
"ভৌমিক, অনিল","অনিল ভৌমিক","","388","","2023-09-16T23:30:00+05:30","Kindle Bangla","Kindle Bangla","ভাঙা আয়নার রহস্য","8316f7c9-9a03-4606-b7c8-f2cc7c0d43cc"
"ভৌমিক, অনিল","অনিল ভৌমিক","","389","","2023-09-16T23:30:00+05:30","Kindle Bangla","Kindle Bangla","পাথরের ফুলদানি","a65ccfd0-2b43-4e75-bcdb-43ad82d406ab"
"ঠাকুর, রবীন্দ্রনাথ","রবীন্দ্রনাথ ঠাকুর","","390","","2023-07-10T23:30:00+05:30","Kindle Bangla","Kindle Bangla","ঘরে-বাইরে","8f249a84-46ed-4243-828d-c5086c1e6f54"
"ঠাকুর, রবীন্দ্রনাথ","রবীন্দ্রনাথ ঠাকুর","","391","","2015-09-05T23:30:00+05:30","Kindle Bangla","Kindle Bangla","ছেলেবেলা","888e08ff-0937-4c8a-b256-5321fc9788ee"
"ঠাকুর, রবীন্দ্রনাথ","রবীন্দ্রনাথ ঠাকুর","","392","mobi-asin:41584669-b3ee-4bb8-a772-9b88e0ffffca","2023-07-23T23:30:00+05:30","Kindle Bangla","Kindle Bangla","কিশোর রচনাসমগ্র","b544b77a-0224-4bef-a248-03c4270c536f"
"ঠাকুর, রবীন্দ্রনাথ","রবীন্দ্রনাথ ঠাকুর","","393","","2023-07-23T05:30:00+05:30","Kindle Bangla","Kindle Bangla","রবীন্দ্র উপন্যাস সমগ্র","5477a6ca-18d5-4a33-9938-fad3c401b4a5"
"ঠাকুর, রবীন্দ্রনাথ","রবীন্দ্রনাথ ঠাকুর","","394","","2020-05-17T05:30:00+05:30","Kindle Bangla","Kindle Bangla","গল্পগুচ্ছ","d957d869-e2c0-4e51-8e79-d65f290928b6"
"রায়, সত্যজিৎ","সত্যজিৎ রায়","","395","","2023-08-28T23:30:00+05:30","Kindle Bangla","Kindle Bangla","প্রফেসর শঙ্কুর কান্ডকারখানা","98848f83-edf1-4372-8bef-c81e2593e1f5"
"রায়, সত্যজিৎ","সত্যজিৎ রায়","","396","","2023-08-29T23:30:00+05:30","Kindle Bangla","Kindle Bangla","ফটিকচাঁদ","f749a7de-8cfe-4b96-bc7d-15bc328a9391"
"রায়, সত্যজিৎ","সত্যজিৎ রায়","","397","","2023-03-13T23:30:00+05:30","Kindle Bangla","Kindle Bangla","প্রোফেসর শঙ্কু সমগ্র","57fdddcb-18a7-4566-8842-cda6b0a3e96a"
"রায়, সত্যজিৎ","সত্যজিৎ রায়","","398","","2023-07-22T23:30:00+05:30","Kindle Bangla","Kindle Bangla","একেই বলে শুটিং","2eb2430e-e83d-4619-9510-f4a32eae78aa"
"রায়, সত্যজিৎ","সত্যজিৎ রায়","","399","","2023-03-16T05:30:00+05:30","Kindle Bangla","Kindle Bangla","শঙ্কু সমগ্র","71a757f4-309f-412c-a67b-cf5e136617dd"
"মজুমদার, সমরেশ","সমরেশ মজুমদার","","400","","2023-11-07T23:30:00+05:30","Kindle Bangla","Kindle Bangla","স্বনামধন্য","45314366-1072-4e57-9487-19f35ecf7ae2"
"মজুমদার, সমরেশ","সমরেশ মজুমদার","","401","","2023-11-07T23:30:00+05:30","Kindle Bangla","Kindle Bangla","সমরেশ মজুমদারের গল্প সমগ্র","57328836-bca9-4162-bada-dcae4fa2654b"
"মজুমদার, সমরেশ","সমরেশ মজুমদার","","404","","2023-08-08T23:30:00+05:30","Kindle Bangla","Kindle Bangla","গর্ভধারিণী","53c6d561-7ebf-4fd1-af12-4792da88df64"
"মজুমদার, সমরেশ","সমরেশ মজুমদার","","405","","2023-03-12T05:30:00+05:30","Kindle Bangla","Kindle Bangla","কালবেলা","0fe51b69-0a34-4c29-935b-b0044e08dbd4"
"মজুমদার, সমরেশ","সমরেশ মজুমদার","","406","","2023-03-12T05:30:00+05:30","Kindle Bangla","Kindle Bangla","কালপুরুষ","ef065531-d3e5-4319-98e7-9537308c9565"
"গঙ্গোপাধ্যায়, সুনীল","সুনীল গঙ্গোপাধ্যায়","","407","","2023-08-31T23:30:00+05:30","Kindle Bangla","Kindle Bangla","একটি নারীর পুনর্জন্ম","ef681e00-7100-4fc9-bca0-d06cfa94c08f"
"গঙ্গোপাধ্যায়, সুনীল","সুনীল গঙ্গোপাধ্যায়","","408","","2023-08-31T23:30:00+05:30","Kindle Bangla","Kindle Bangla","অরণ্যের দিনরাত্রি","ec399d19-1b13-4dac-9a16-bca4a0ed8bd1"
"গঙ্গোপাধ্যায়, সুনীল","সুনীল গঙ্গোপাধ্যায়","","409","","2023-09-01T23:30:00+05:30","Kindle Bangla","Kindle Bangla","ফিরে আসা","0014d4a6-a666-47f4-aa02-efc7f313e885"
"গঙ্গোপাধ্যায, সুনীল","সুনীল গঙ্গোপাধ্যায","","410","","2024-04-28T23:30:00+05:30","Kindle Bangla","Kindle Bangla","নিঃসঙ্গ সম্রাট","4ad8ec1f-06b5-4839-9e18-28ab724d5ebf"
"গঙ্গোপাধ্যায়, সুনীল","সুনীল গঙ্গোপাধ্যায়","","411","","2023-08-31T23:30:00+05:30","Kindle Bangla","Kindle Bangla","মনের মানুষ","d7bd4f30-757a-4cbf-8246-1559ab3cc074"
"গঙ্গোপাধ্যায়, সুনীল","সুনীল গঙ্গোপাধ্যায়","","412","mobi-asin:JDP8X0MQNIQR3UFUTUTP0R6VE6QJXSUS","2023-04-19T05:30:00+05:30","Kindle Bangla","Kindle Bangla","কাকাবাবু সমগ্র","e244c973-b232-4030-bb54-af418e027b6d"
"গঙ্গোপাধ্যায়, সুনীল","সুনীল গঙ্গোপাধ্যায়","","413","","2020-09-07T05:30:00+05:30","Kindle Bangla","Kindle Bangla","অর্ধেক জীবন","c71b8e42-42c4-420e-a64d-7be58a9d8dd9"
"গঙ্গোপাধ্যায়, সুনীল","সুনীল গঙ্গোপাধ্যায়","","414","","2017-05-01T05:30:00+05:30","Kindle Bangla","Kindle Bangla","প্রথম আলো (অখন্ড)","8e5dd5c8-9de7-4cdc-8eb5-c5d0fea8c4b9"
"গঙ্গোপাধ্যায়, সুনীল","সুনীল গঙ্গোপাধ্যায়","","415","","2023-03-13T05:30:00+05:30","Kindle Bangla","Kindle Bangla","পুরুষের চোখ","774f62d4-f955-4c83-9527-9d0ad86c7301"
"গঙ্গোপাধ্যায়, সুনীল","সুনীল গঙ্গোপাধ্যায়","","416","","2023-04-09T23:30:00+05:30","Kindle Bangla","Kindle Bangla","অন্দরমহল","094ab78a-d648-4484-82b9-3fdec255abb2"
"গঙ্গোপাধ্যায়, সুনীল","সুনীল গঙ্গোপাধ্যায়","","417","","2023-04-08T23:30:00+05:30","Kindle Bangla","Kindle Bangla","সেই সময়","88ae95b2-fc11-40b4-990d-41b65acd8bf6"
"দে, পাঁচকড়ি","পাঁচকড়ি দে","","419","","2023-09-18T23:30:00+05:30","Kindle Bangla","Kindle Bangla","হত্যা-রহস্য","67359249-9f19-44a8-b407-382c32b790f4"
"দেব, অনীশ","অনীশ দেব","","420","","2023-09-25T23:30:00+05:30","Kindle Bangla","Kindle Bangla","বজ্রগোলাপ","8b61d510-f5ec-4f93-b3de-401e0709b249"
"ভার্ন, জুল","জুল ভার্ন","","421","","2020-05-12T05:30:00+05:30","Kindle Bangla","Kindle Bangla","টোয়েণ্টি থাউজ্যাণ্ড লিগ্‌স আণ্ডার দি সী","f2c5879d-7ace-48b5-a994-560a31f41fe9"
"হোসেন, কাজী আনোয়ার","কাজী আনোয়ার হোসেন","","422","","2023-08-30T23:30:00+05:30","Kindle Bangla","Kindle Bangla","ডেথ ট্র্যাপ (২য় খন্ড)","247f1bc5-9082-4873-a7b4-c82cdf0b6857"
"হোসেন, কাজী আনোয়ার","কাজী আনোয়ার হোসেন","","423","","2023-08-30T23:30:00+05:30","Kindle Bangla","Kindle Bangla","ডেথ ট্র্যাপ (১ম খন্ড)","50fc1ae3-8a4d-4e37-a5b5-39e228aa22c8"
"চক্রবর্তী, শিবরাম","শিবরাম চক্রবর্তী","","450","","2023-09-19T23:30:00+05:30","Kindle Bangla","Kindle Bangla","৫০ টি দমফাটা হাসির গল্প","44ff6f61-489b-4eb7-a99b-987f70558d07"
"চক্রবর্তী, শিবরাম","শিবরাম চক্রবর্তী","","451","","2023-09-18T23:30:00+05:30","Kindle Bangla","Kindle Bangla","শিবরাম কিশোর রচনা সমগ্র","2a46a28a-0625-40ef-a5b0-ba539daba1dd"
"King, Stephen","Stephen King","9781451627282","476","amazon:1451627289,goodreads:10644930,isbn:9781451627282","2011-11-08T00:00:00+05:30","Scribner","Historical, Science Fiction, Fantasy, Thriller, Fiction, Horror, Alternative History","11/22/63","371a64cc-dc1e-4c78-b394-0ec68540761d"
"Hazelwood, Ali","Ali Hazelwood","9780593336861","485","goodreads:61326735,amazon:0593336860,isbn:9780593336861","2023-06-13T05:30:00+05:30","Penguin Publishing Group","Romance, Contemporary, Adult","Love, Theoretically","232c80f3-a87f-4a5c-95cd-ef6cb7b9d7ba"
"Crouch, Blake","Blake Crouch","9781101904220","486","goodreads:27833670,isbn:9781101904220,amazon:1101904224","2016-07-26T05:30:00+05:30","Macmillan","Adult, Ciencia ficción, Science Fiction, Fantasy, Mystery, Novela, Thriller","Dark Matter","2c8222d0-a413-405b-95f5-67af69794ee7"
"Crouch, Blake","Blake Crouch","9781524759780","487","kobo:recursion-10,ean:9781524759780,fictiondb:blake-crouch~recursion~2365695~b,goodreads:42046112,google:z7TQwAEACAAJ,amazon_uk:B07LCSPGTN,amazon:1524759783,isbn:9781524759780,ff:c/blake-crouch/recursion,moly_hu:blake-crouch-recursion,barnesnoble:w/recursion-blake-crouch/1129556642","2019-06-11T12:30:00+05:30","Ballantine Books","Science Fiction, Thriller, Mystery, Adult, Fantasy","Recursion","6e2ca4b6-bfa2-4b58-8b0f-7e0245c56d28"
"Black, Holly","Holly Black","9780316310338","488","isbn:9780316310338,amazon:0316310336,goodreads:26032887","2019-01-08T13:30:00+05:30","little, brown books for young readers","Fantasy, Young Adult, Romance","The Wicked King","07e46b70-7624-4b5f-9935-35813993c557"
"King, Stephen","Stephen King","9781668016138","489","google:cuPPEAAAQBAJ,isbn:9781668016138,barnesnoble:1142967024,amazon:B0BSRFPQXV,goodreads:65916344,mobi-asin:B0BSRFPQXV","2023-09-05T00:00:00+05:30","Scribner","Suspense, Fiction, Horror, Psychological, Thrillers","Holly","b8376e63-ce75-441d-a86b-6cb67cfd5543"
"Henry, Emily","Emily Henry","9780593334836","490","amazon:0593440870,isbn:9780593334836,goodreads:58690308","2022-05-03T05:30:00+05:30","Penguin Books Ltd","Romance, Contemporary, Adult","Book Lovers","d2ba97db-f392-46c4-b163-7dbad0fab409"
"Olsen, Gregg","Gregg Olsen","9781542005241","491","goodreads:45299992,amazon:B07Q5TL9SQ,isbn:9781542005241,mobi-asin:B07Q5TL9SQ","2019-12-01T13:30:00+05:30","Thomas & Mercer","Crime, Thriller, Mystery, Horror, Biography","If You Tell","4ac8aed7-9d29-42d7-9bcc-9042ac9e74b6"
"Forsyth, Frederick","Frederick Forsyth","9780399165276","492","goodreads:18474777,isbn:9780399165276,mobi-asin:B00C5R8364,google:R4U9nCqaAGIC,amazon:0399165274","2013-08-20T05:30:00+05:30","Penguin","Thrillers, Fiction, Suspense, General, Thriller, Mystery, Crime","The Kill List","ac2db03b-3dc6-4749-a235-129cc38715a2"
"Herbert, Frank","Frank Herbert","9780441172719","493","mobi-asin:f9844f36-3979-49ef-a00c-512228292903,google:B1hSG45JCX4C,ff:h/frank-herbert/dune,amazon:0441172717,goodreads:104,isbn:9780441172719","1965-06-01T13:30:00+05:30","Ace","Classics, Fiction, Science Fiction, Fantasy, Action & Adventure, General, Adult, Adventure, Science-Fiction:Dune","Dune","b6debc50-765d-4330-bb45-4d9aeed68ec4"
"Herbert, Frank","Frank Herbert","9780593098233","494","isbn:9780593098233,amazon:0593098234,goodreads:44492285","2008-02-05T05:30:00+05:30","Penguin Publishing Group","Science Fiction, Fantasy, Classics","Dune Messiah","c351d6ec-5266-4623-bc1a-1c01dca88b33"
"Sutter, C. M.","C. M. Sutter","9798407088776","495","goodreads:60198263,amazon:B09R11YDP6,isbn:9798407088776","2022-01-22T13:30:00+05:30","C. M. Sutter","Thriller, Mystery, Crime, Suspense, Horror","Run for Your Life","ba4720e0-67e3-4793-ae51-6f6ef04a32f8"
"Gerritsen, Tess","Tess Gerritsen","9780593063231","496","isbn:9780593063231,amazon:0593063236,goodreads:17426337","2010-01-01T13:30:00+05:30","Transworld Digital","Mystery, Thriller, Crime, Suspense, Adult","The Killing Place","fe98828e-d4b2-41a0-a0e5-2b1bad1e1f45"
"Painter, Lynn","Lynn Painter","9781534467637","498","isbn:9781534467637,mobi-asin:96f8534b-8982-4681-8a3c-27a2b2e4c6c4,goodreads:55710822,amazon:1534467637","2021-05-04T12:30:00+05:30","Simon & Schuster Books for Young Readers","Romance, Young Adult, Contemporary","Better Than the Movies","3ab4bf95-a2d6-48e4-9cf4-6c669daff8d9"
